host,ok,score,level,aiCrawlability,aiGuidance,structuredData,metaSocial,contentQuality,eeat,brandEntity,citationReadiness,discoveryEndpoints,agentFriendliness,freshness,hasLlmsTxt,robotsBlocksAnyAi,robotsBlocksGptbot,hasRobotsTxt,elapsedMs,error
1.2345345.xyz,1,20,Critical,12,0,0,0,4,0,2,6,0,0,1.5,0,0,0,1,2921,
2heng.xin,1,36,Basic,12,0,0,2,8,1,6,8,0,2,1.5,0,0,0,1,4487,
30secondsofcode.org,1,50,Basic,12,0,0,10,6,1,6,8,0,3,4,0,0,0,1,4983,
aalhour.com,1,63,Basic,12,12,3,10,8,2,6,8,0,2,4,1,0,0,1,3239,
academic.chatpaper.top,1,12,Critical,12,0,0,2,0,0,2,1,0,1,0,0,0,0,1,4824,
adminlte.io,1,80,Good,12,10,9,10,12,6,6,8,0,3,4,1,0,0,1,1724,
adtruth.io,1,44,Basic,12,0,0,8,6,3,4,8,0,1,1.5,0,0,0,0,2642,
af.codes,1,32,Critical,12,0,0,2,8,1,4,3,0,0,2.5,0,0,0,0,3528,
ag2.ai,1,65,Basic,12,0,9,10,8,6,6,8,0,2,2.5,0,0,0,1,2310,
agent-zero.ai,1,72,Good,12,9,6,10,12,5,6,8,0,3,1.5,1,0,0,0,2870,
agent.richasy.net,1,29,Critical,12,0,0,4,4,2,6,5,0,0,1.5,0,0,0,0,1690,
agpt.co,1,77,Good,12,12,9,10,10,4,6,8,0,3,2.5,1,0,0,1,1862,
agwa.name,1,35,Critical,12,0,0,2,6,6,4,6,0,1,2.5,0,0,0,1,4293,
aider.chat,1,45,Basic,12,0,3,2,10,3,4,8,0,2,1.5,0,0,0,1,6452,
aihero.dev,1,61,Basic,12,5,6,6,8,4,6,8,0,3,2.5,1,0,0,1,3133,
airflow.apache.org,1,44,Basic,12,0,0,6,8,3,2,8,0,1,4,0,0,0,1,2285,
aka.ms,1,8,Critical,0,5,0,2,0,3,2,0,2,0,0,1,1,1,1,4358,
alex.macrocosm.so,1,32,Critical,12,0,0,8,6,1,4,8,0,1,0,0,0,0,0,2428,
androidkickstartr.com,1,50,Basic,12,0,6,10,6,3,6,7,0,3,4,0,0,0,1,7981,
ansiblefordevops.com,1,31,Critical,12,0,0,0,10,0,4,8,0,0,0,0,0,0,0,3979,
antigma.ai,1,51,Basic,12,0,0,8,6,5,6,8,0,2,2.5,0,0,0,0,1544,
apilayer.com,1,65,Basic,12,12,3,8,10,4,6,8,0,3,4,1,0,0,1,2127,
apollographql.com,1,74,Good,12,12,6,10,10,6,6,8,0,3,2.5,1,0,0,1,4565,
app.bilibili.com,1,23,Critical,12,0,0,4,4,0,4,2,0,1,1.5,0,0,0,0,231,
arxiv.org,1,42,Basic,12,0,0,2,8,4,6,8,0,0,2.5,0,0,0,1,4187,
asciimath.org,1,41,Basic,12,0,0,0,12,2,6,8,0,1,0,0,0,0,0,3496,
awal.js.org,1,8,Critical,12,0,0,0,0,0,2,0,0,0,0,0,0,0,0,1555,
awesome-privacy.xyz,1,61,Basic,12,0,3,10,12,6,6,8,0,1,4,0,0,0,1,1908,
awesome-python.com,1,67,Basic,12,8,3,10,12,1,6,8,0,3,4,1,0,0,1,3904,
aws.amazon.com,1,58,Basic,12,0,3,10,12,4,6,8,0,2,2.5,0,0,0,1,2150,
b3log.org,1,44,Basic,12,0,0,10,10,1,4,6,0,0,1.5,0,0,0,1,2671,
bevy.org,1,30,Critical,12,0,0,0,6,0,4,7,0,2,0,0,0,0,1,4618,
bkit.ai,1,21,Critical,12,0,0,8,0,1,4,0,0,1,0,0,0,0,0,2204,
blackhatethicalhacking.com,1,42,Basic,12,8,6,8,0,2,6,0,0,3,1.5,1,0,0,1,3165,
blend2d.com,1,43,Basic,12,0,0,4,10,1,6,8,0,1,1.5,0,0,0,0,1412,
blog.cloudflare.com,1,53,Basic,12,0,0,10,12,4,6,8,0,3,4,0,0,0,1,1993,
blog.zakkemble.net,1,57,Basic,12,0,3,8,8,5,6,8,0,3,3,0,0,0,1,1619,
brendangregg.com,1,44,Basic,12,0,0,0,12,3,6,8,0,2,2.5,0,0,0,1,3044,
brew.sh,1,52,Basic,12,0,3,8,10,2,4,8,0,3,2.5,0,0,0,1,3922,
browser-use.com,1,63,Basic,12,8,6,8,6,3,6,8,0,3,2.5,1,0,0,1,3124,
build.awesome.me,1,43,Basic,12,0,0,4,10,2,4,8,0,1,4,0,0,0,0,3147,
bun.uptrace.dev,1,51,Basic,12,0,6,6,10,2,4,8,0,2,2.5,0,0,0,1,2005,
cal.diy,1,38,Basic,12,0,0,2,8,2,4,8,0,1,4,0,0,0,0,3267,
cardinal.ink,1,23,Critical,12,0,0,2,4,2,2,6,0,0,0,0,0,0,0,2341,
catppuccin.com,1,30,Critical,8,0,0,6,4,2,4,7,0,1,2.5,0,1,1,1,3782,
ccswitch.io,1,34,Critical,12,5,0,10,2,3,4,0,0,2,1.5,1,0,0,1,3006,
celld.dev,1,51,Basic,12,0,0,10,10,3,4,8,0,1,2.5,0,0,0,0,2316,
cemu.info,1,30,Critical,12,0,0,2,8,2,4,8,0,1,0,0,0,0,0,1335,
cerebraljs.com,1,18,Critical,12,0,0,0,2,0,2,4,0,1,2.5,0,0,0,1,2424,
clawsweeper.bot,1,51,Basic,12,5,0,8,8,1,4,8,0,2,2.5,1,0,0,1,2995,
cli.github.com,1,56,Basic,12,0,3,6,12,3,6,8,0,3,2.5,0,0,0,1,3194,
cmwtat.cloudmoe.com,1,8,Critical,12,0,0,0,0,0,2,0,0,0,0,0,0,0,0,783,
cocos.com,1,27,Critical,12,0,0,2,8,2,4,6,0,1,2.5,0,0,0,1,916,
code.visualstudio.com,1,70,Good,12,11,3,10,12,6,4,8,0,3,2.5,1,0,0,1,5165,
codecrafters.io,1,64,Basic,12,0,6,10,10,4,8,8,0,3,2.5,0,0,0,1,1960,
comfy.org,1,68,Good,12,11,6,10,8,6,6,8,0,2,2.5,1,0,0,1,1910,
contribute.freecodecamp.org,1,10,Critical,12,0,0,0,0,0,2,0,0,0,1.5,0,0,0,0,1683,
coralproject.net,1,57,Basic,12,0,6,10,4,5,6,8,0,3,4,0,0,0,1,3130,
courses.datatalks.club,1,33,Critical,12,0,0,0,8,1,2,8,0,0,2.5,0,0,0,0,2630,
crowcpp.org,1,12,Critical,12,0,0,4,0,0,2,0,0,0,0,0,0,0,0,3730,
cs.ossu.dev,1,56,Basic,12,0,3,10,8,4,6,8,0,2,1.5,0,0,0,0,3607,
cuijiahua.com,1,34,Critical,12,0,0,2,8,0,4,7,0,1,2.5,0,0,0,1,4729,
cutter.re,1,39,Basic,12,0,0,6,8,0,6,8,0,2,2.5,0,0,0,0,3440,
dashboard.digitalplat.org,1,18,Critical,12,0,0,2,2,1,4,2,0,0,1.5,0,0,0,0,2482,
day.js.org,1,36,Basic,12,0,0,6,8,0,4,8,0,2,2.5,0,0,0,0,3575,
dbt-score.picnic.tech,1,41,Basic,12,0,0,4,10,0,6,8,0,2,2.5,0,0,0,0,3169,
decapcms.org,1,41,Basic,12,0,0,2,10,4,4,7,0,2,2.5,0,0,0,0,2756,
deepseek.com,1,38,Basic,12,0,0,10,4,3,4,8,0,2,2.5,0,0,0,1,1048,
defectdojo.com,1,74,Good,12,12,6,8,10,4,8,8,0,3,2.5,1,0,0,1,3637,
desktopcommander.app,1,66,Basic,12,0,6,10,10,5,8,8,0,3,2.5,0,0,0,1,2076,
developer.hashicorp.com,1,45,Basic,12,0,0,10,6,3,4,8,0,1,1.5,0,0,0,1,2455,
dify.ai,1,71,Good,12,10,6,10,10,4,8,8,0,3,2.5,1,0,0,1,1531,
discourse.org,1,62,Basic,12,0,6,10,8,4,8,8,0,3,2.5,0,0,0,1,4066,
doc.dew.idealworld.group,1,41,Basic,12,0,0,2,12,2,4,8,0,1,1.5,0,0,0,0,3974,
docs.astral.sh,1,26,Critical,12,0,0,0,6,0,4,6,0,1,2.5,0,0,0,0,1976,
docs.fallow.tools,1,74,Good,12,12,6,10,10,5,4,8,0,3,4,1,0,0,1,3160,
docs.langchain.com,1,63,Basic,12,12,6,8,8,4,4,8,0,3,4,1,0,0,1,2913,
docs.pmnd.rs,1,38,Basic,12,7,0,6,2,1,4,8,0,1,2.5,1,0,0,1,2381,
docs.protobuf-net.dev,1,40,Basic,12,0,3,8,6,0,4,8,0,3,1.5,0,0,0,1,2328,
docs.sanaei.dev,1,45,Basic,12,8,0,6,8,1,4,8,0,2,1.5,1,0,0,1,3363,
dvel.me,1,63,Basic,12,0,6,8,12,5,6,8,0,3,1.5,0,0,0,1,2110,
easycorp.io,1,67,Basic,12,12,6,10,10,4,4,8,0,3,2.5,1,0,0,1,1824,
ecc.tools,1,60,Basic,12,0,6,10,8,6,4,8,0,3,4,0,0,0,1,1360,
electronjs.org,1,38,Basic,12,0,0,0,10,2,4,8,0,2,1.5,0,0,0,0,3123,
elizaresearch.ai,1,36,Basic,12,0,0,8,6,1,4,8,0,0,2.5,0,0,0,1,1982,
elyra.readthedocs.io,1,32,Critical,12,0,0,2,6,1,2,8,0,2,1.5,0,0,0,1,1668,
embassy.dev,1,46,Basic,12,0,0,8,8,5,2,7,0,2,1.5,0,0,0,1,1425,
emby.media,1,30,Critical,12,0,0,2,4,3,6,5,0,1,2.5,0,0,0,0,1642,
eslint.style,1,37,Basic,12,0,0,6,8,3,4,8,0,0,0,0,0,0,0,1599,
faker.readthedocs.io,1,37,Basic,12,0,0,2,8,1,4,8,0,2,2.5,0,0,0,1,1834,
feynman.is,1,29,Critical,12,0,0,2,4,1,4,8,0,1,2.5,0,0,0,1,1715,
files.community,1,38,Basic,12,0,0,6,4,3,4,8,0,0,2.5,0,0,0,1,2417,
firebirdsql.org,1,35,Critical,12,0,0,4,6,0,4,8,0,1,2.5,0,0,0,1,2878,
firecrawl.dev,1,72,Good,12,12,9,8,8,6,6,8,0,2,2.5,1,0,0,1,6920,
flipper-xtre.me,1,38,Basic,12,0,0,2,10,2,2,8,0,1,1.5,0,0,0,1,2078,
flutter.dev,1,51,Basic,12,0,0,10,10,3,4,8,0,2,1.5,0,0,0,0,1882,
foundation.zurb.com,1,42,Basic,12,0,0,2,12,1,6,8,0,1,0,0,0,0,0,3268,
frappe.io,1,50,Basic,12,7,0,10,2,4,6,8,0,2,2.5,1,0,0,1,2851,
free-for.dev,1,16,Critical,12,0,0,6,0,0,4,0,0,0,0,0,0,0,0,3667,
frontend-fundamentals.com,1,22,Critical,12,0,0,6,2,1,4,2,0,0,0,0,0,0,0,1649,
fujihack.org,1,34,Critical,12,0,0,2,8,2,4,8,0,2,0,0,0,0,1,2287,
genieframework.com,1,45,Basic,12,0,0,8,6,6,4,8,0,1,2.5,0,0,0,1,8101,
get.js.org,1,21,Critical,12,0,0,2,4,0,4,4,0,0,0,0,0,0,0,3848,
getbootstrap.com,1,53,Basic,12,0,0,10,12,3,6,8,0,1,0,0,0,0,1,2270,
getkap.co,1,33,Critical,12,0,0,6,8,2,4,5,0,1,1.5,0,0,0,0,1438,
getmoonshine.app,1,35,Critical,12,0,0,2,8,1,4,8,0,1,2.5,0,0,0,1,1652,
git-tfs.com,1,25,Critical,12,0,0,2,6,2,2,4,0,1,0,0,0,0,1,3545,
gitkraken.com,1,78,Good,12,9,12,10,10,6,6,8,0,3,4,1,0,0,1,2679,
go.dev,1,51,Basic,12,0,0,10,12,4,6,8,0,1,0,0,0,0,1,3128,
gocloud.dev,1,36,Basic,12,0,0,2,8,0,4,8,0,2,0,0,0,0,0,3671,
godoc.org,1,32,Critical,12,0,0,2,4,3,4,8,0,1,0,0,0,0,1,4975,
godotengine.org,1,43,Basic,12,0,0,8,6,5,4,8,0,1,2.5,0,0,0,1,1868,
gogs.io,1,55,Basic,12,7,6,8,8,4,4,8,0,3,4,1,0,0,1,4041,
golang.testcontainers.org,1,38,Basic,12,0,0,4,8,0,6,8,0,2,1.5,0,0,0,1,2203,
golangci-lint.run,1,31,Critical,12,0,0,2,4,1,4,7,0,2,4,0,0,0,1,3455,
gorse.io,1,41,Basic,12,0,0,6,8,0,4,8,0,3,2.5,0,0,0,1,1214,
graphify.com,1,76,Good,12,12,6,10,10,4,8,8,0,3,2.5,1,0,0,1,4395,
grpc.io,1,29,Critical,12,0,0,2,4,4,4,5,0,1,2.5,0,0,0,1,2720,
gruntjs.com,1,38,Basic,12,0,0,6,6,2,4,8,0,1,0,0,0,0,1,1472,
gryder.org,1,41,Basic,12,0,0,2,8,3,4,8,0,2,1.5,0,0,0,1,1419,
gvisor.dev,1,40,Basic,12,0,0,4,8,2,2,8,0,2,2.5,0,0,0,1,1807,
hackage.haskell.org,1,25,Critical,0,0,0,2,8,2,4,7,0,2,0,0,1,1,1,4983,
hackermenu.io,1,37,Basic,12,0,3,6,4,0,4,8,0,3,4,0,0,0,1,4853,
harp.sh,1,37,Basic,12,0,0,2,10,3,4,8,0,2,1.5,0,0,0,0,3682,
helix-editor.com,1,33,Critical,12,0,0,2,4,1,4,8,0,2,0,0,0,0,1,3776,
hellogithub.com,1,38,Basic,11,0,0,10,4,4,4,8,0,2,2.5,0,1,1,1,329,
hermes-agent.nousresearch.com,1,69,Good,12,12,6,10,10,6,4,8,0,2,2.5,1,0,0,1,1420,
homarr.dev,1,56,Basic,12,6,0,10,8,1,6,8,0,2,2.5,1,0,0,1,1829,
home-assistant.io,1,56,Basic,12,0,0,10,10,6,4,8,0,2,2.5,0,0,0,1,2591,
home-manager-options.extranix.com,1,24,Critical,12,0,0,0,4,0,4,6,0,2,2.5,0,0,0,1,1588,
htmx.org,1,41,Basic,12,0,0,4,8,1,4,8,0,2,2.5,0,0,0,1,2007,
hyperdx.io,1,43,Basic,12,0,0,6,8,4,4,8,0,1,1.5,0,0,0,0,6555,
hyperswitch.io,1,72,Good,12,12,6,10,10,3,6,8,0,2,2.5,1,0,0,1,1681,
iamstoxe.com,1,22,Critical,12,0,0,0,6,0,2,7,0,2,1.5,0,0,0,1,2962,
icons.better-idea.org,1,28,Critical,12,0,0,2,6,0,2,8,0,1,2.5,0,0,0,1,2710,
icsx5.bitfire.at,1,43,Basic,12,0,3,10,10,2,4,8,0,1,0,0,0,0,0,3762,
ifixai.ai,1,63,Basic,12,12,0,10,10,6,4,8,0,2,2.5,1,0,0,1,3618,
ihcblog.com,1,50,Basic,12,0,0,8,12,3,4,8,0,0,3,0,0,0,0,2402,
iina.io,1,48,Basic,12,0,6,10,8,0,4,8,0,3,1.5,0,0,0,1,2746,
imageoptim.com,1,35,Critical,12,0,0,0,8,4,4,8,0,1,0,0,0,0,1,1974,
infinite.red,1,71,Good,12,12,6,10,6,4,8,8,0,3,1.5,1,0,0,1,4320,
inlong.apache.org,1,44,Basic,12,0,0,8,6,4,4,8,0,1,1.5,0,0,0,0,2328,
instantphotos-4t2zkh.apps.sagyboar.space,1,14,Critical,12,0,0,2,0,1,4,3,0,1,0,0,0,0,0,1575,
ip2region.net,1,37,Basic,12,0,0,4,4,3,6,6,0,0,2.5,0,0,0,0,243,
itgeekworkhard.com,1,37,Basic,12,0,3,4,6,0,4,5,0,3,2.5,0,0,0,1,1835,
itunes.apple.com,1,63,Basic,12,0,6,10,12,3,6,8,0,3,2.5,0,0,0,1,974,
javaguide.cn,1,59,Basic,12,0,6,8,10,4,6,8,0,3,2.5,0,0,0,1,415,
jeecg.com,1,62,Basic,12,12,9,10,6,1,4,3,0,2,2.5,1,0,0,1,549,
jeedocm.com,1,38,Basic,12,0,0,4,10,0,6,4,0,2,2.5,0,0,0,0,682,
jestjs.io,1,43,Basic,12,0,0,8,6,4,6,8,0,2,0,0,0,0,0,1647,
jetbrains.com,1,55,Basic,12,0,3,10,8,4,4,8,0,3,2.5,0,0,0,1,3035,
jianshu.com,1,31,Critical,12,0,0,0,6,2,4,8,0,0,2.5,0,0,0,1,687,
julialang.org,1,62,Basic,12,0,6,6,12,4,8,8,0,3,2.5,0,0,0,1,3412,
kakarot.org,1,27,Critical,12,0,0,4,6,1,4,5,0,0,1.5,0,0,0,0,3879,
kanboard.org,1,38,Basic,12,0,0,6,8,0,4,8,0,0,0,0,0,0,0,3902,
keygraph.io,1,75,Good,12,12,6,10,10,5,6,8,0,3,2.5,1,0,0,1,2742,
keystonejs.com,1,61,Basic,12,12,0,8,10,3,4,8,0,2,1.5,1,0,0,1,4015,
kokoanalytics.com,1,61,Basic,12,0,6,10,10,4,6,8,0,3,4,0,0,0,1,4060,
krourke.org,1,42,Basic,12,0,0,2,10,4,6,8,0,2,0,0,0,0,1,1998,
kubeoperator.io,1,68,Good,12,9,6,10,8,5,4,8,0,2,2.5,1,0,0,1,3385,
kubernetes.io,1,42,Basic,12,0,0,2,10,1,4,8,0,2,4,0,0,0,1,1877,
kyne.au,1,14,Critical,12,0,0,2,2,1,2,1,0,0,0,0,0,0,0,2335,
labuladong.online,1,11,Critical,12,0,0,0,0,0,4,0,0,1,0,0,0,0,1,1119,
langflow.org,1,61,Basic,12,5,6,8,6,6,6,8,0,3,2.5,1,0,0,1,7674,
leanpub.com,1,58,Basic,12,0,6,10,8,4,8,8,0,3,4,0,0,0,1,2796,
lewagon.com,1,50,Basic,12,0,0,10,8,4,6,8,0,1,2.5,0,0,0,1,6177,
lhlnb.top,1,18,Critical,12,0,0,0,4,0,2,4,0,0,1.5,0,0,0,0,293,
librechat.ai,1,71,Good,12,12,9,10,8,6,8,8,0,3,2.5,1,0,0,1,3088,
linkwarden.app,1,53,Basic,12,0,9,10,2,5,4,8,0,3,2.5,0,0,0,1,12057,
livelywallpaper.net,1,29,Critical,12,0,0,2,8,2,4,6,0,1,0,0,0,0,0,5260,
llama.app,1,48,Basic,12,0,0,8,10,3,4,8,0,1,2.5,0,0,0,1,4435,
localai.io,1,41,Basic,12,0,0,4,8,2,4,8,0,2,2.5,0,0,0,0,3726,
logger.bot,1,33,Critical,12,5,0,0,4,0,4,5,2,1,1.5,1,0,0,1,2435,
luispedro.org,1,51,Basic,12,0,0,8,10,2,6,8,0,2,2.5,0,0,0,0,2823,
lux.lumen-labs.org,1,41,Basic,12,0,0,8,10,0,2,8,0,1,2.5,0,0,0,0,3547,
lysine.dev,1,10,Critical,12,0,0,2,0,0,2,0,0,0,0,0,0,0,0,3535,
madewithml.com,1,55,Basic,12,0,0,10,12,5,6,8,0,2,1.5,0,0,0,1,3378,
manning.com,1,49,Basic,12,0,6,8,8,4,6,8,0,2,2.5,0,0,0,1,2668,
maptheworld.ai,1,32,Critical,12,0,0,8,4,6,4,2,0,2,2.5,0,0,0,1,3741,
markdownlivepreview.com,1,11,Critical,12,0,0,2,0,1,2,1,0,0,0,0,0,0,0,2133,
marketplace.visualstudio.com,1,32,Critical,12,0,0,8,4,4,4,4,0,2,2.5,0,0,0,1,7742,
massgrave.dev,1,36,Basic,12,0,0,0,10,0,4,8,0,2,2.5,0,0,0,0,3021,
maxon.net,1,47,Basic,12,0,0,10,6,6,6,5,0,2,1.5,0,1,0,1,4396,
mbleigh.lighthouseapp.com,1,28,Critical,12,0,0,2,6,3,4,5,0,1,0,0,0,0,1,4078,
mcsmanager.com,1,14,Critical,12,0,0,0,2,2,4,0,0,0,0,0,0,0,0,177,
mdxjs.com,1,31,Critical,12,0,0,0,4,1,4,7,0,1,2.5,0,0,0,1,3947,
metabase.com,1,71,Good,12,11,6,10,10,4,4,8,0,3,2.5,1,0,0,1,5086,
micropyramid.com,1,67,Basic,12,0,9,10,10,5,6,8,0,3,2.5,0,0,0,1,2695,
million-devs.netlify.com,1,10,Critical,12,0,0,0,0,0,4,0,0,0,0,0,0,0,0,2157,
mitmproxy.org,1,41,Basic,12,0,0,2,8,3,4,8,0,2,2.5,0,0,0,1,3085,
mmsegmentation.readthedocs.io,1,28,Critical,12,0,0,2,6,1,4,8,0,2,0,0,0,0,1,2311,
mock-server.com,1,73,Good,12,12,3,10,10,6,4,8,2,3,2.5,1,0,0,1,3415,
momentjs.com,1,31,Critical,12,0,0,0,6,2,2,8,0,1,1.5,0,0,0,0,1766,
monaspace.githubnext.com,1,41,Basic,12,0,0,6,10,1,4,8,0,1,2.5,0,0,0,0,4059,
mond.rohan.dev,1,11,Critical,12,0,0,2,0,1,2,0,0,0,0,0,0,0,0,1179,
mqtt.simps.io,1,17,Critical,12,5,0,0,0,0,4,0,2,0,0,1,0,0,1,1885,
mutative.js.org,1,34,Critical,12,0,0,10,6,0,2,8,0,1,0,0,0,0,0,1706,
mz-automation.de,1,62,Basic,12,0,9,10,6,5,6,8,0,3,4,0,0,0,1,11387,
n8n.io,1,66,Basic,12,10,6,10,8,4,6,8,0,3,2.5,1,0,0,1,2147,
nand.arhan.sh,1,22,Critical,12,0,0,8,0,3,2,0,0,0,1.5,0,0,0,1,1844,
nanobot.wiki,1,58,Basic,12,7,6,10,8,3,4,8,0,2,2.5,1,0,0,1,1947,
nayuki.io,1,39,Basic,12,5,0,4,4,0,6,5,2,2,4,1,0,0,1,3377,
nestedtext.org,1,42,Basic,12,0,0,4,10,0,4,8,0,2,2.5,0,0,0,1,1978,
newapi.ai,1,73,Good,12,12,6,10,8,6,4,8,0,3,2.5,1,0,0,1,5915,
nextjs.org,1,75,Good,12,12,6,10,10,6,4,8,0,3,2.5,1,0,0,1,2153,
ngx.mruby.org,1,33,Critical,12,0,0,2,8,0,2,8,0,1,0,0,0,0,0,3574,
nodejs.org,1,59,Basic,12,10,0,10,6,3,6,8,0,2,1.5,1,0,0,1,3013,
ntfy.rtfd.io,1,39,Basic,12,0,0,4,8,1,6,8,0,2,0,0,0,0,1,3143,
odoo-community.org,1,44,Basic,12,0,0,10,8,3,6,8,0,1,2.5,0,0,0,1,4194,
ohmyz.sh,1,51,Basic,12,0,0,10,10,3,6,8,0,1,2.5,0,0,0,1,1643,
ollama.com,1,45,Basic,12,12,0,6,4,2,4,6,0,2,2.5,1,0,0,0,2324,
opa.business,1,45,Basic,12,0,0,10,8,3,6,7,0,2,2.5,0,0,0,1,3516,
openclaw.ai,1,62,Basic,12,5,6,10,8,6,4,8,0,2,2.5,1,0,0,1,1667,
opencode.ai,1,39,Basic,12,0,0,4,6,2,4,8,0,1,2.5,0,0,0,1,2062,
opencomic.app,1,35,Critical,12,0,0,10,6,0,2,7,0,1,2.5,0,0,0,0,1780,
opentelemetry.io,1,53,Basic,12,12,0,2,6,4,4,8,0,2,4,1,0,0,1,3766,
openui.com,1,74,Good,12,12,6,10,12,3,4,8,0,3,2.5,1,0,0,1,13257,
openwebui.com,1,80,Good,12,12,9,10,12,5,6,8,0,3,2.5,1,0,0,1,5177,
orientdb.dev,1,24,Critical,12,0,0,2,6,0,2,8,0,1,0,0,0,0,1,2993,
overseerr.dev,1,45,Basic,12,0,0,8,10,1,4,8,0,1,1.5,0,0,0,0,2751,
owasp.org,1,51,Basic,12,0,0,8,8,3,6,8,0,2,2.5,0,0,0,1,1636,
p.codekk.com,1,42,Basic,12,0,0,4,8,1,6,8,0,2,2.5,0,0,0,1,583,
pandas.pydata.org,1,32,Critical,12,0,0,0,8,0,6,8,0,1,2.5,0,0,0,1,3136,
pandoc.org,1,36,Basic,12,0,0,6,4,0,4,8,0,2,2.5,0,0,0,1,2924,
pantheonsecurity.io,1,79,Good,12,12,9,10,10,5,6,8,0,3,4,1,0,0,1,2716,
paramiko.org,1,31,Critical,12,0,0,2,6,0,4,8,0,2,2.5,0,0,0,1,3798,
parca.dev,1,42,Basic,12,0,0,6,10,2,4,8,0,2,1.5,0,0,0,0,3277,
partow.net,1,21,Critical,12,0,0,0,2,2,6,2,0,1,0,0,0,0,1,2722,
paulirish.com,1,45,Basic,12,0,0,4,10,4,6,8,0,2,3,0,0,0,1,4055,
pencil.evolus.vn,1,20,Critical,12,0,0,0,6,0,2,6,0,1,0,0,0,0,0,11702,
pixijs.com,1,29,Critical,12,10,0,0,4,1,2,2,0,2,2.5,1,0,0,0,3688,
pkg.go.dev,1,32,Critical,12,0,0,2,4,3,4,8,0,1,0,0,0,0,1,3341,
placements.mnit.ac.in,1,27,Critical,12,0,0,0,4,0,4,5,0,1,2.5,0,0,0,0,2948,
pointfree.co,1,43,Basic,12,0,0,6,8,3,6,8,0,1,2.5,0,0,0,1,4130,
pot-app.com,1,32,Critical,12,0,0,4,6,4,6,5,0,1,1.5,0,0,0,1,1751,
prism-pipeline.com,1,40,Basic,12,0,0,8,10,3,4,8,0,2,2.5,0,0,0,1,6668,
prisma.io,1,69,Good,12,12,6,10,10,4,4,8,0,3,2.5,1,0,0,1,3227,
prometheus-operator.dev,1,48,Basic,12,0,6,10,10,2,4,8,0,2,1.5,0,0,0,1,1960,
prompts.chat,1,66,Basic,12,5,8,10,8,6,8,8,0,3,2.5,1,0,0,1,9440,
pterodactyl-installer.se,1,22,Critical,12,0,0,0,2,0,2,4,0,0,2.5,0,0,0,0,1556,
pypi.org,1,51,Basic,12,0,0,10,8,3,6,8,0,2,2.5,0,0,0,1,3642,
pypi.python.org,1,51,Basic,12,0,0,10,8,3,6,8,0,2,2.5,0,0,0,1,5312,
python-jsonschema.readthedocs.io,1,42,Basic,12,0,0,6,10,1,6,8,0,2,1.5,0,0,0,1,1781,
pytorch3d.org,1,30,Critical,12,0,0,4,4,2,2,8,0,2,1.5,0,0,0,1,2360,
qgroundcontrol.io,1,34,Critical,12,0,0,6,6,3,4,8,0,2,1.5,0,0,0,1,4263,
qinglong.online,1,22,Critical,12,0,0,2,4,0,2,6,0,1,2.5,0,0,0,0,3503,
qlib.readthedocs.io,1,35,Critical,12,0,0,2,10,1,2,8,0,2,0,0,0,0,1,3380,
quilljs.com,1,26,Critical,12,0,0,2,6,0,4,8,0,1,0,0,0,0,1,1690,
radix-ui.com,1,35,Critical,12,0,0,4,6,2,4,8,0,0,1.5,0,0,0,0,2435,
react-native-webrtc.discourse.group,1,61,Basic,12,12,3,10,4,3,4,8,0,3,2.5,1,0,0,1,1876,
react.dev,1,57,Basic,12,11,0,8,6,6,4,8,0,1,2.5,1,0,0,1,2069,
react.email,1,72,Good,12,12,6,10,10,4,6,8,0,3,1.5,1,0,0,1,2355,
reactnative.dev,1,43,Basic,12,9,0,0,8,3,4,7,0,2,1.5,1,0,0,1,3429,
readfrog.app,1,53,Basic,12,5,0,8,12,3,6,8,0,2,2.5,1,0,0,1,4293,
realm.io,1,34,Critical,12,0,0,8,4,4,4,6,0,2,2.5,0,0,0,1,4192,
recoiljs.org,1,37,Basic,12,0,0,8,6,2,4,8,0,2,0,0,0,0,1,2199,
research.nvidia.com,1,60,Basic,12,12,3,8,12,4,6,8,0,3,2.5,1,0,0,1,8159,
ribot.co.uk,1,40,Basic,12,0,0,6,2,4,6,8,0,2,1.5,0,0,0,0,1709,
roadmap.sh,1,56,Basic,12,0,0,6,12,3,6,8,4,2,2.5,0,0,0,1,2192,
roncoo.net,1,32,Critical,12,0,0,2,8,2,6,6,0,1,2.5,0,0,0,1,1085,
rsms.me,1,41,Basic,12,0,0,4,6,0,6,7,0,2,4,0,0,0,1,2653,
rubygems.org,1,37,Basic,12,0,0,2,6,1,6,8,0,1,1.5,0,0,0,1,2381,
runacap.com,1,54,Basic,12,0,6,10,6,4,4,8,0,3,4,0,0,0,1,3555,
rust-lang.org,1,40,Basic,12,0,0,6,8,2,4,8,0,0,1.5,0,0,0,0,4140,
rustdesk.com,1,73,Good,11,10,9,10,8,6,4,8,0,3,2.5,1,1,0,1,3037,
safetycli.com,1,68,Good,12,12,6,10,8,5,4,8,0,1,2.5,1,0,0,1,2626,
sandboxie-plus.com,1,32,Critical,12,0,0,4,6,1,4,8,0,2,2.5,0,0,0,1,2344,
scorreia.com,1,46,Basic,12,0,0,8,8,3,4,8,0,1,2.5,0,0,0,0,12316,
serverless.com,1,72,Good,12,0,9,10,12,6,8,8,0,3,2.5,0,0,0,1,3869,
shmoopi.net,1,35,Critical,12,0,0,2,4,0,6,8,0,1,2.5,0,0,0,0,2057,
sioyek.info,1,31,Critical,12,0,0,2,4,1,4,8,0,1,0,0,0,0,0,2702,
snapdrop.net,1,40,Basic,12,0,0,8,4,5,6,6,0,1,2.5,0,0,0,1,2059,
sonnet.dev,1,10,Critical,12,0,0,2,0,0,2,0,0,0,0,0,0,0,0,3972,
sourceforge.net,1,67,Basic,12,8,6,4,12,4,8,8,0,3,4,1,0,0,1,2573,
sparkleshare.org,1,37,Basic,12,0,0,4,6,2,4,8,0,0,1.5,0,0,0,0,7541,
spwhitton.name,1,22,Critical,12,0,0,0,4,0,4,4,0,1,2.5,0,0,0,0,2103,
sqlfluff.com,1,31,Critical,12,0,0,2,4,2,2,6,0,1,2.5,0,0,0,1,4138,
stackblitz.com,1,38,Basic,12,0,0,10,4,3,4,7,0,2,2.5,0,0,0,0,2353,
streamlit.io,1,50,Basic,12,0,0,8,8,6,6,8,0,2,2.5,0,0,0,1,1978,
structlog.org,1,41,Basic,12,0,0,6,10,3,2,8,0,2,0,0,0,0,1,2130,
swelist.com,1,19,Critical,12,0,0,6,0,1,4,0,0,0,1.5,0,0,0,1,2450,
syrtis.nyanako.com,1,59,Basic,12,10,3,10,10,0,4,8,0,2,0,1,0,0,1,3592,
taipy.io,1,51,Basic,12,0,0,10,8,4,6,8,0,2,4,0,0,0,1,2480,
tangshusen.me,1,42,Basic,12,0,0,8,4,0,6,6,0,2,4,0,0,0,1,3676,
tcminerproxy.com,1,63,Basic,12,0,6,10,12,3,6,8,0,3,2.5,0,0,0,1,2602,
techinterviewhandbook.org,1,53,Basic,12,0,0,10,12,3,4,8,0,2,2.5,0,0,0,1,4633,
terragrunt.com,1,62,Basic,12,12,3,10,10,4,4,8,0,2,2.5,1,0,0,1,1403,
terrapin-attack.com,1,45,Basic,12,0,0,2,12,4,4,8,0,1,1.5,0,0,0,0,3671,
testcafe.io,1,53,Basic,12,0,3,4,10,4,6,8,0,3,1.5,0,0,0,1,7698,
testing-library.com,1,36,Basic,12,0,0,10,4,2,2,8,0,2,2.5,0,0,0,1,2221,
the-hellbot.gitbook.io,1,50,Basic,12,7,0,8,8,4,4,8,0,2,4,1,0,0,1,3422,
themecn.liu.com.jm,1,20,Critical,12,0,0,8,0,1,4,0,0,0,0,0,0,0,0,2310,
tholman.com,1,35,Critical,12,0,0,10,2,1,4,5,0,2,0,0,0,0,1,2794,
threejs.org,1,38,Basic,12,8,0,4,6,1,4,5,0,1,2.5,1,0,0,0,4408,
tolaria.md,1,42,Basic,12,0,0,6,10,1,4,8,0,1,0,0,0,0,0,3941,
tsch.js.org,1,23,Critical,12,0,0,6,4,0,2,4,0,1,0,0,0,0,0,2325,
typefully.com,1,29,Critical,12,12,0,0,0,1,0,2,0,2,0,1,0,0,1,2148,
ucybers.com,1,60,Basic,12,0,6,10,8,6,6,8,0,3,4,0,0,0,1,2383,
ui.shadcn.com,1,66,Basic,12,12,3,10,8,4,4,8,0,3,2.5,1,0,0,1,2009,
ultimatemachine.se,1,53,Basic,12,0,3,8,8,6,6,8,0,3,4,0,0,0,1,1927,
unity.com,1,75,Good,11,11,9,8,12,5,6,8,0,3,2.5,1,1,0,1,2439,
usebruno.com,1,63,Basic,12,0,9,10,10,6,6,8,0,3,2.5,0,0,0,1,4698,
uupm.cc,1,53,Basic,12,0,3,10,8,5,4,8,0,3,1.5,0,0,0,1,3689,
uvdesk.com,1,54,Basic,12,0,3,10,8,4,4,8,2,3,2.5,0,0,0,1,5442,
v2.vuejs.org,1,32,Critical,12,0,0,6,6,1,6,8,0,1,1.5,0,0,0,0,1584,
v2rayn.2dust.link,1,16,Critical,12,0,0,0,4,0,2,3,0,0,2.5,0,0,0,1,3542,
vemos.org,1,29,Critical,12,0,0,4,4,0,4,5,0,0,0,0,0,0,0,3478,
vform666.com,1,33,Critical,12,0,0,2,6,1,4,7,0,1,0,0,0,0,0,361,
videolan.org,1,39,Basic,12,0,0,2,10,3,4,8,0,1,2.5,0,0,0,1,2142,
vision.ee.ethz.ch,1,40,Basic,12,0,0,6,8,1,4,8,0,2,2.5,0,0,0,0,2456,
watermill.io,1,28,Critical,12,0,0,2,4,1,4,4,0,2,4,0,0,0,1,2415,
web3js.org,1,39,Basic,12,0,0,8,8,1,4,8,0,1,1.5,0,0,0,0,3486,
webdesignstudio.london,1,77,Good,12,11,9,10,10,7,6,8,0,3,4,1,0,0,1,1698,
webdriver.io,1,56,Basic,12,9,0,10,8,3,4,8,0,2,2.5,1,0,0,1,2464,
webextension.org,1,37,Basic,12,0,0,0,6,3,4,8,0,2,2.5,0,0,0,1,2639,
weibo.com,1,11,Critical,0,4,0,0,0,1,2,0,6,2,1.5,1,1,1,1,1561,
whatgotdone.com,1,13,Critical,12,0,0,4,0,0,2,0,0,1,0,0,0,0,1,2495,
winfunc.com,1,78,Good,12,12,9,10,10,5,6,8,0,3,4,1,0,0,1,2586,
wireshark.org,1,40,Basic,12,0,0,6,8,3,6,8,0,0,2.5,0,0,0,1,5039,
x64dbg.com,1,39,Basic,12,0,0,4,6,2,4,8,0,2,0,0,0,0,1,3874,
xapp-project.org,1,40,Basic,12,0,0,8,6,1,4,8,0,1,0,0,0,0,0,3332,
xi-editor.io,1,23,Critical,12,0,0,2,2,1,4,6,0,1,0,0,0,0,0,2083,
yozu.me,1,30,Critical,12,0,0,2,4,2,4,6,0,0,0,0,0,0,0,2343,
zudoku.dev,1,43,Basic,12,8,0,4,6,2,4,8,0,2,0,1,0,0,0,1562,
