host,httpStatus,bytes,hasRobots,newPassed,newScore,oldPassed,oldScore,anyAiBlockedNew,anyAiBlockedOld,gptbotBlockedNew,gptbotBlockedOld,attempts,error
contribute.freecodecamp.org,404,0,0,20,12,20,12,0,0,0,0,1,
apilayer.com,200,170,1,20,12,0,0,0,1,0,1,1,
codecrafters.io,200,85,1,20,12,0,0,0,1,0,1,1,
openclaw.ai,200,71,1,20,12,0,0,0,1,0,1,1,
roadmap.sh,200,690,1,20,12,0,0,0,1,0,1,1,
deepseek.com,200,70,1,20,12,0,0,0,1,0,1,1,
ecc.tools,200,62,1,20,12,0,0,0,1,0,1,1,
hermes-agent.nousresearch.com,200,216,1,20,12,0,0,0,1,0,1,1,
react.dev,200,24,1,20,12,0,0,0,1,0,1,1,
awesome-python.com,200,127,1,20,12,0,0,0,1,0,1,1,
v2.vuejs.org,404,0,0,20,12,20,12,0,0,0,0,1,
aihero.dev,200,2137,1,20,12,0,0,0,1,0,1,1,
opencode.ai,200,176,1,20,12,0,0,0,1,0,1,1,
n8n.io,200,76,1,20,12,0,0,0,1,0,1,1,
dashboard.digitalplat.org,404,0,0,20,12,20,12,0,0,0,0,1,
ohmyz.sh,200,23,1,20,12,0,0,0,1,0,1,1,
code.visualstudio.com,200,79,1,20,12,0,0,0,1,0,1,1,
agpt.co,200,224,1,20,12,0,0,0,1,0,1,1,
massgrave.dev,404,0,0,20,12,20,12,0,0,0,0,1,
cs.ossu.dev,404,0,0,20,12,20,12,0,0,0,0,1,
hellogithub.com,200,799,1,19,11,1,1,1,1,1,0,1,
getbootstrap.com,200,129,1,20,12,0,0,0,1,0,1,1,
javaguide.cn,200,66,1,20,12,0,0,0,1,0,1,1,
flutter.dev,404,0,0,20,12,20,12,0,0,0,0,1,
firecrawl.dev,200,366,1,20,12,0,0,0,1,0,1,1,
dify.ai,200,67,1,20,12,0,0,0,1,0,1,1,
prompts.chat,200,158,1,20,12,0,0,0,1,0,1,1,
openwebui.com,200,282,1,20,12,0,0,0,1,0,1,1,
docs.langchain.com,200,174,1,20,12,0,0,0,1,0,1,1,
nextjs.org,200,40,1,20,12,0,0,0,1,0,1,1,
go.dev,200,23,1,20,12,0,0,0,1,0,1,1,
techinterviewhandbook.org,200,1248,1,20,12,0,0,0,1,0,1,1,
labuladong.online,200,87,1,20,12,0,0,0,1,0,1,1,
ccswitch.io,200,65,1,20,12,0,0,0,1,0,1,1,
langflow.org,200,2352,1,20,12,0,0,0,1,0,1,1,
comfy.org,200,1097,1,20,12,0,0,0,1,0,1,1,
free-for.dev,404,0,0,20,12,20,12,0,0,0,0,1,
llama.app,200,63,1,20,12,0,0,0,1,0,1,1,
kubernetes.io,200,148,1,20,12,0,0,0,1,0,1,1,
uupm.cc,200,116,1,20,12,0,0,0,1,0,1,1,
awesome-selfhosted.net,,,,,,,,,,,,1,AbortError
rustdesk.com,200,507,1,19,11,1,1,1,1,0,1,1,
ui.shadcn.com,200,67,1,20,12,0,0,0,1,0,1,1,
reactnative.dev,200,24,1,20,12,0,0,0,1,0,1,1,
graphify.com,200,1556,1,20,12,0,0,0,1,0,1,1,
30secondsofcode.org,200,44,1,20,12,0,0,0,1,0,1,1,
weibo.com,200,968,1,0,0,20,12,1,0,1,0,1,
nodejs.org,200,199,1,20,12,0,0,0,1,0,1,1,
electronjs.org,404,0,0,20,12,20,12,0,0,0,0,1,
godotengine.org,200,1248,1,20,12,0,0,0,1,0,1,1,
browser-use.com,200,1043,1,20,12,0,0,0,1,0,1,1,
docs.astral.sh,404,0,0,20,12,20,12,0,0,0,0,1,
awesome-go.com,,,,,,,,,,,,1,AbortError
rust-lang.org,404,0,0,20,12,20,12,0,0,0,0,1,
v2rayn.2dust.link,200,1248,1,20,12,0,0,0,1,0,1,1,
ollama.com,,,,,,,,,,,,1,AbortError
pandas.pydata.org,200,34,1,20,12,0,0,0,1,0,1,1,
developer.hashicorp.com,200,198,1,20,12,0,0,0,1,0,1,1,
threejs.org,404,0,0,20,12,20,12,0,0,0,0,1,
madewithml.com,200,61,1,20,12,0,0,0,1,0,1,1,
htmx.org,200,71,1,20,12,0,0,0,1,0,1,1,
brew.sh,200,114,1,20,12,0,0,0,1,0,1,1,
localai.io,404,0,0,20,12,20,12,0,0,0,0,1,
metabase.com,200,1041,1,20,12,0,0,0,1,0,1,1,
airi.moeru.ai,200,14359,1,20,12,0,0,0,1,0,1,1,
qlib.readthedocs.io,200,669,1,20,12,0,0,0,1,0,1,1,
aider.chat,200,40,1,20,12,0,0,0,1,0,1,1,
julialang.org,200,68,1,20,12,0,0,0,1,0,1,1,
nanobot.wiki,200,65,1,20,12,0,0,0,1,0,1,1,
day.js.org,404,0,0,20,12,20,12,0,0,0,0,1,
newapi.ai,200,67,1,20,12,0,0,0,1,0,1,1,
x64dbg.com,200,65,1,20,12,0,0,0,1,0,1,1,
spotube.cc,200,14,1,20,12,0,0,0,1,0,1,1,
jeecg.com,200,67,1,20,12,0,0,0,1,0,1,1,
cal.diy,404,0,0,20,12,20,12,0,0,0,0,1,
keygraph.io,200,825,1,20,12,0,0,0,1,0,1,1,
pixijs.com,404,0,0,20,12,20,12,0,0,0,0,1,
tsch.js.org,404,0,0,20,12,20,12,0,0,0,0,1,
bevy.org,200,761,1,20,12,0,0,0,1,0,1,1,
githubdaily.com,200,26,1,20,12,0,0,0,1,0,1,1,
momentjs.com,404,0,0,20,12,20,12,0,0,0,0,1,
swelist.com,200,1248,1,20,12,0,0,0,1,0,1,1,
gogs.io,200,163,1,20,12,0,0,0,1,0,1,1,
discourse.org,200,61,1,20,12,0,0,0,1,0,1,1,
quilljs.com,200,23,1,20,12,0,0,0,1,0,1,1,
prisma.io,200,423,1,20,12,0,0,0,1,0,1,1,
arxiv.org,200,5854,1,20,12,0,0,0,1,0,1,1,
airflow.apache.org,200,14,1,20,12,0,0,0,1,0,1,1,
docs.sanaei.dev,200,69,1,20,12,0,0,0,1,0,1,1,
lysine.dev,404,0,0,20,12,20,12,0,0,0,0,1,
usebruno.com,200,154,1,20,12,0,0,0,1,0,1,1,
b3log.org,200,1248,1,20,12,0,0,0,1,0,1,1,
cowagent.ai,200,317,1,20,12,0,0,0,1,0,1,1,
maptheworld.ai,200,613,1,20,12,0,0,0,1,0,1,1,
leanpub.com,200,648,1,20,12,0,0,0,1,0,1,1,
iina.io,200,61,1,20,12,0,0,0,1,0,1,1,
cli.github.com,200,22,1,20,12,0,0,0,1,0,1,1,
docs.docker.com,200,116,1,20,12,0,0,0,1,0,1,1,
serverless.com,200,93,1,20,12,0,0,0,1,0,1,1,
pandoc.org,200,1248,1,20,12,0,0,0,1,0,1,1,
streamlit.io,200,31,1,20,12,0,0,0,1,0,1,1,
courses.datatalks.club,404,0,0,20,12,20,12,0,0,0,0,1,
helix-editor.com,200,79,1,20,12,0,0,0,1,0,1,1,
adminlte.io,200,169,1,20,12,0,0,0,1,0,1,1,
grpc.io,200,281,1,20,12,0,0,0,1,0,1,1,
files.community,200,1248,1,20,12,0,0,0,1,0,1,1,
hyperswitch.io,200,111,1,20,12,0,0,0,1,0,1,1,
jestjs.io,404,0,0,20,12,20,12,0,0,0,0,1,
librechat.ai,200,178,1,20,12,0,0,0,1,0,1,1,
build.awesome.me,404,0,0,20,12,20,12,0,0,0,0,1,
infinite.red,200,66,1,20,12,0,0,0,1,0,1,1,
tolaria.md,404,0,0,20,12,20,12,0,0,0,0,1,
rsms.me,200,467,1,20,12,0,0,0,1,0,1,1,
ifixai.ai,200,83,1,20,12,0,0,0,1,0,1,1,
web3js.org,404,0,0,20,12,20,12,0,0,0,0,1,
mitmproxy.org,200,24,1,20,12,0,0,0,1,0,1,1,
linkwarden.app,200,68,1,20,12,0,0,0,1,0,1,1,
qinglong.online,404,0,0,20,12,20,12,0,0,0,0,1,
academic.chatpaper.top,200,1248,1,20,12,0,0,0,1,0,1,1,
xi-editor.io,404,0,0,20,12,20,12,0,0,0,0,1,
videolan.org,200,1340,1,20,12,0,0,0,1,0,1,1,
mdxjs.com,200,62,1,20,12,0,0,0,1,0,1,1,
react.email,200,351,1,20,12,0,0,0,1,0,1,1,
cutter.re,404,0,0,20,12,20,12,0,0,0,0,1,
catppuccin.com,200,250,1,15,8,20,12,1,0,1,0,1,
unity.com,200,264,1,19,11,1,1,1,1,0,1,1,
snapdrop.net,200,113,1,20,12,0,0,0,1,0,1,1,
brendangregg.com,200,185,1,20,12,0,0,0,1,0,1,1,
cuijiahua.com,200,327,1,20,12,0,0,0,1,0,1,1,
runacap.com,200,68,1,20,12,0,0,0,1,0,1,1,
testing-library.com,200,1248,1,20,12,0,0,0,1,0,1,1,
uvdesk.com,200,128,1,20,12,0,0,0,1,0,1,1,
apollographql.com,200,527,1,20,12,0,0,0,1,0,1,1,
dvel.me,200,88,1,20,12,0,0,0,1,0,1,1,
ip2region.net,404,0,0,20,12,20,12,0,0,0,0,1,
monaspace.githubnext.com,404,0,0,20,12,20,12,0,0,0,0,1,
livelywallpaper.net,404,0,0,20,12,20,12,0,0,0,0,1,
sandboxie-plus.com,200,119,1,20,12,0,0,0,1,0,1,1,
cmwtat.cloudmoe.com,404,0,0,20,12,20,12,0,0,0,0,1,
winfunc.com,200,1649,1,20,12,0,0,0,1,0,1,1,
mockjs.com,404,0,0,20,12,20,12,0,0,0,0,1,
lewagon.com,200,133,1,20,12,0,0,0,1,0,1,1,
elizaresearch.ai,200,1248,1,20,12,0,0,0,1,0,1,1,
faker.readthedocs.io,200,670,1,20,12,0,0,0,1,0,1,1,
tangshusen.me,200,282,1,20,12,0,0,0,1,0,1,1,
af.codes,404,0,0,20,12,20,12,0,0,0,0,1,
gvisor.dev,200,22,1,20,12,0,0,0,1,0,1,1,
open.segment.com,200,639128,1,20,12,0,0,0,1,0,1,1,
recoiljs.org,200,1248,1,20,12,0,0,0,1,0,1,1,
decapcms.org,404,0,0,20,12,20,12,0,0,0,0,1,
pot-app.com,200,1248,1,20,12,0,0,0,1,0,1,1,
taipy.io,200,108,1,20,12,0,0,0,1,0,1,1,
getkap.co,404,0,0,20,12,20,12,0,0,0,0,1,
golangci-lint.run,200,14,1,20,12,0,0,0,1,0,1,1,
getskeleton.com,404,0,0,20,12,20,12,0,0,0,0,1,
jetbrains.com,200,1760,1,20,12,0,0,0,1,0,1,1,
radix-ui.com,404,0,0,20,12,20,12,0,0,0,0,1,
imageoptim.com,200,69,1,20,12,0,0,0,1,0,1,1,
prometheus-operator.dev,200,76,1,20,12,0,0,0,1,0,1,1,
pytorch3d.org,200,1248,1,20,12,0,0,0,1,0,1,1,
keystonejs.com,200,120,1,20,12,0,0,0,1,0,1,1,
mmsegmentation.readthedocs.io,200,679,1,20,12,0,0,0,1,0,1,1,
sonnet.dev,404,0,0,20,12,20,12,0,0,0,0,1,
openui.com,200,68,1,20,12,0,0,0,1,0,1,1,
blog.cloudflare.com,200,1489,1,20,12,0,0,0,1,0,1,1,
owasp.org,200,166,1,20,12,0,0,0,1,0,1,1,
agent-zero.ai,404,0,0,20,12,20,12,0,0,0,0,1,
gitkraken.com,200,238,1,20,12,0,0,0,1,0,1,1,
wireshark.org,200,74,1,20,12,0,0,0,1,0,1,1,
agwa.name,200,207,1,20,12,0,0,0,1,0,1,1,
readfrog.app,200,4141,1,20,12,0,0,0,1,0,1,1,
github.com,,,,,,,,,,,,1,AbortError
pkgx.sh,404,0,0,20,12,20,12,0,0,0,0,1,
awesome-privacy.xyz,200,166,1,20,12,0,0,0,1,0,1,1,
cemu.info,404,0,0,20,12,20,12,0,0,0,0,1,
aalhour.com,200,1212,1,20,12,0,0,0,1,0,1,1,
sqlfluff.com,200,13,1,20,12,0,0,0,1,0,1,1,
hyperdx.io,404,0,0,20,12,20,12,0,0,0,0,1,
watermill.io,200,77,1,20,12,0,0,0,1,0,1,1,
pkg.go.dev,200,99,1,20,12,0,0,0,1,0,1,1,
sioyek.info,404,0,0,20,12,20,12,0,0,0,0,1,
docs.pmnd.rs,200,13,1,20,12,0,0,0,1,0,1,1,
embassy.dev,200,90,1,20,12,0,0,0,1,0,1,1,
aws.amazon.com,200,13822,1,20,12,0,0,0,1,0,1,1,
gocloud.dev,404,0,0,20,12,20,12,0,0,0,0,1,
desktopcommander.app,200,4355,1,20,12,0,0,0,1,0,1,1,
tools.stanzhai.site,404,0,0,20,12,20,12,0,0,0,0,1,
flipper-xtre.me,200,23,1,20,12,0,0,0,1,0,1,1,
home-assistant.io,200,76,1,20,12,0,0,0,1,0,1,1,
testcafe.io,200,108,1,20,12,0,0,0,1,0,1,1,
kanboard.org,404,0,0,20,12,20,12,0,0,0,0,1,
paascloud.net,404,0,0,20,12,20,12,0,0,0,0,1,
terragrunt.com,200,6567,1,20,12,0,0,0,1,0,1,1,
feynman.is,200,1248,1,20,12,0,0,0,1,0,1,1,
gorse.io,200,62,1,20,12,0,0,0,1,0,1,1,
paramiko.org,200,666,1,20,12,0,0,0,1,0,1,1,
cocos.com,200,243,1,20,12,0,0,0,1,0,1,1,
webdriver.io,200,1123,1,20,12,0,0,0,1,0,1,1,
pycaret.org,200,91,1,20,12,0,0,0,1,0,1,1,
ansiblefordevops.com,404,0,0,20,12,20,12,0,0,0,0,1,
frappe.io,200,279,1,20,12,0,0,0,1,0,1,1,
harp.sh,404,0,0,20,12,20,12,0,0,0,0,1,
p.codekk.com,200,23,1,20,12,0,0,0,1,0,1,1,
paulirish.com,200,69,1,20,12,0,0,0,1,0,1,1,
react-native-webrtc.discourse.group,200,1016,1,20,12,0,0,0,1,0,1,1,
tholman.com,200,65,1,20,12,0,0,0,1,0,1,1,
roncoo.net,200,59,1,20,12,0,0,0,1,0,1,1,
ribot.co.uk,404,0,0,20,12,20,12,0,0,0,0,1,
golang.testcontainers.org,200,1248,1,20,12,0,0,0,1,0,1,1,
qgroundcontrol.io,200,666,1,20,12,0,0,0,1,0,1,1,
crowcpp.org,404,0,0,20,12,20,12,0,0,0,0,1,
orientdb.dev,200,75,1,20,12,0,0,0,1,0,1,1,
docs.fallow.tools,200,157,1,20,12,0,0,0,1,0,1,1,
python-jsonschema.readthedocs.io,200,682,1,20,12,0,0,0,1,0,1,1,
1.2345345.xyz,200,1248,1,20,12,0,0,0,1,0,1,1,
pencil.evolus.vn,404,0,0,20,12,20,12,0,0,0,0,1,
bun.uptrace.dev,200,24,1,20,12,0,0,0,1,0,1,1,
elastichq.org,404,0,0,20,12,20,12,0,0,0,0,1,
parca.dev,404,0,0,20,12,20,12,0,0,0,0,1,
celld.dev,404,0,0,20,12,20,12,0,0,0,0,1,
mbleigh.lighthouseapp.com,200,204,1,20,12,0,0,0,1,0,1,1,
ntfy.rtfd.io,200,379,1,20,12,0,0,0,1,0,1,1,
mcsmanager.com,404,0,0,20,12,20,12,0,0,0,0,1,
emby.media,404,0,0,20,12,20,12,0,0,0,0,1,
mock-server.com,200,1683,1,20,12,0,0,0,1,0,1,1,
webdesignstudio.london,200,1088,1,20,12,0,0,0,1,0,1,1,
homarr.dev,200,64,1,20,12,0,0,0,1,0,1,1,
defectdojo.com,200,212,1,20,12,0,0,0,1,0,1,1,
pypi.org,200,325,1,20,12,0,0,0,1,0,1,1,
ag2.ai,200,80,1,20,12,0,0,0,1,0,1,1,
joda.org,404,0,0,20,12,20,12,0,0,0,0,1,
docs.protobuf-net.dev,200,51,1,20,12,0,0,0,1,0,1,1,
opentelemetry.io,,,,,,,,,,,,1,TypeError
sparkleshare.org,404,0,0,20,12,20,12,0,0,0,0,1,
overseerr.dev,404,0,0,20,12,20,12,0,0,0,0,1,
iamstoxe.com,200,31,1,20,12,0,0,0,1,0,1,1,
structlog.org,200,1000,1,20,12,0,0,0,1,0,1,1,
querydsl.com,404,0,0,20,12,20,12,0,0,0,0,1,
kubeoperator.io,200,69,1,20,12,0,0,0,1,0,1,1,
code.guda.studio,200,696,1,20,12,0,0,0,1,0,1,1,
mutative.js.org,404,0,0,20,12,20,12,0,0,0,0,1,
coralproject.net,200,174,1,20,12,0,0,0,1,0,1,1,
corvusoft.co.uk,200,78,1,20,12,0,0,0,1,0,1,1,
antigma.ai,404,0,0,20,12,20,12,0,0,0,0,1,
2heng.xin,200,109,1,20,12,0,0,0,1,0,1,1,
elyra.readthedocs.io,200,670,1,20,12,0,0,0,1,0,1,1,
frontend-fundamentals.com,404,0,0,20,12,20,12,0,0,0,0,1,
krourke.org,200,41,1,20,12,0,0,0,1,0,1,1,
shmoopi.net,404,0,0,20,12,20,12,0,0,0,0,1,
safetycli.com,200,299,1,20,12,0,0,0,1,0,1,1,
easycorp.io,200,1121,1,20,12,0,0,0,1,0,1,1,
eslint.style,404,0,0,20,12,20,12,0,0,0,0,1,
opencomic.app,404,0,0,20,12,20,12,0,0,0,0,1,
cerebraljs.com,200,1248,1,20,12,0,0,0,1,0,1,1,
blend2d.com,404,0,0,20,12,20,12,0,0,0,0,1,
marketplace.visualstudio.com,200,119,1,20,12,0,0,0,1,0,1,1,
vform666.com,404,0,0,20,12,20,12,0,0,0,0,1,
app.bilibili.com,404,0,0,20,12,20,12,0,0,0,0,1,
git-tfs.com,200,107,1,20,12,0,0,0,1,0,1,1,
pterodactyl-installer.se,404,0,0,20,12,20,12,0,0,0,0,1,
andrew.im,200,7092,1,20,12,0,0,0,1,0,1,1,
cardinal.ink,404,0,0,20,12,20,12,0,0,0,0,1,
inlong.apache.org,404,0,0,20,12,20,12,0,0,0,0,1,
clawsweeper.bot,200,68,1,20,12,0,0,0,1,0,1,1,
asciimath.org,404,0,0,20,12,20,12,0,0,0,0,1,
icons.better-idea.org,200,1248,1,20,12,0,0,0,1,0,1,1,
pantheonsecurity.io,200,347,1,20,12,0,0,0,1,0,1,1,
awal.js.org,404,0,0,20,12,20,12,0,0,0,0,1,
hackermenu.io,200,117,1,20,12,0,0,0,1,0,1,1,
ultimatemachine.se,200,78,1,20,12,0,0,0,1,0,1,1,
pointfree.co,200,84,1,20,12,0,0,0,1,0,1,1,
jeedocm.com,404,0,0,20,12,20,12,0,0,0,0,1,
gruntjs.com,200,65,1,20,12,0,0,0,1,0,1,1,
yozu.me,404,0,0,20,12,20,12,0,0,0,0,1,
markdownlivepreview.com,404,0,0,20,12,20,12,0,0,0,0,1,
xapp-project.org,404,0,0,20,12,20,12,0,0,0,0,1,
kyne.au,404,0,0,20,12,20,12,0,0,0,0,1,
foundation.zurb.com,404,0,0,20,12,20,12,0,0,0,0,1,
lux.lumen-labs.org,404,0,0,20,12,20,12,0,0,0,0,1,
spwhitton.name,404,0,0,20,12,20,12,0,0,0,0,1,
kakarot.org,200,1,0,20,12,20,12,0,0,0,0,2,
ngx.mruby.org,404,0,0,20,12,20,12,0,0,0,0,1,
ucybers.com,200,176,1,20,12,0,0,0,1,0,1,1,
typefully.com,200,232,1,20,12,0,0,0,1,0,1,1,
kcores.com,200,247,1,0,0,20,12,1,0,1,0,1,
lhlnb.top,404,0,0,20,12,20,12,0,0,0,0,1,
tcminerproxy.com,200,94,1,20,12,0,0,0,1,0,1,1,
research.nvidia.com,200,3209,1,20,12,0,0,0,1,0,1,1,
terrapin-attack.com,404,0,0,20,12,20,12,0,0,0,0,1,
nand.arhan.sh,200,1248,1,20,12,0,0,0,1,0,1,1,
bkit.ai,404,0,0,20,12,20,12,0,0,0,0,1,
androidkickstartr.com,200,153,1,20,12,0,0,0,1,0,1,1,
luispedro.org,404,0,0,20,12,20,12,0,0,0,0,1,
mz-automation.de,200,455,1,20,12,0,0,0,1,0,1,1,
vision.ee.ethz.ch,404,0,0,20,12,20,12,0,0,0,0,1,
the-hellbot.gitbook.io,200,205,1,20,12,0,0,0,1,0,1,1,
opa.business,200,191,1,20,12,0,0,0,1,0,1,1,
zudoku.dev,404,0,0,20,12,20,12,0,0,0,0,1,
agent.richasy.net,404,0,0,20,12,20,12,0,0,0,0,1,
blog.zakkemble.net,200,139,1,20,12,0,0,0,1,0,1,1,
chipmunk-physics.net,404,0,0,20,12,20,12,0,0,0,0,1,
fujihack.org,200,23,1,20,12,0,0,0,1,0,1,1,
home-manager-options.extranix.com,200,1248,1,20,12,0,0,0,1,0,1,1,
jianshu.com,200,803,1,20,12,0,0,0,1,0,1,1,
pypi.python.org,200,325,1,20,12,0,0,0,1,0,1,1,
gryder.org,200,41,1,20,12,0,0,0,1,0,1,1,
doc.dew.idealworld.group,404,0,0,20,12,20,12,0,0,0,0,1,
itgeekworkhard.com,200,77,1,20,12,0,0,0,1,0,1,1,
mond.rohan.dev,404,0,0,20,12,20,12,0,0,0,0,1,
maxon.net,200,717,1,19,12,1,0,1,1,0,1,1,
nestedtext.org,200,748,1,20,12,0,0,0,1,0,1,1,
rubygems.org,200,213,1,20,12,0,0,0,1,0,1,1,
icsx5.bitfire.at,404,0,0,20,12,20,12,0,0,0,0,1,
adtruth.io,404,0,0,20,12,20,12,0,0,0,0,1,
syrtis.nyanako.com,200,77,1,20,12,0,0,0,1,0,1,1,
kokoanalytics.com,200,157,1,20,12,0,0,0,1,0,1,1,
crates.io,200,63,1,20,12,0,0,0,1,0,1,1,
prism-pipeline.com,200,119,1,20,12,0,0,0,1,0,1,1,
blackhatethicalhacking.com,200,288,1,20,12,0,0,0,1,0,1,1,
manning.com,200,242,1,20,12,0,0,0,1,0,1,1,
million-devs.netlify.com,404,0,0,20,12,20,12,0,0,0,0,1,
themecn.liu.com.jm,404,0,0,20,12,20,12,0,0,0,0,1,
alex.macrocosm.so,404,0,0,20,12,20,12,0,0,0,0,1,
dbt-score.picnic.tech,404,0,0,20,12,20,12,0,0,0,0,1,
odoo-community.org,200,117,1,20,12,0,0,0,1,0,1,1,
genieframework.com,200,24,1,20,12,0,0,0,1,0,1,1,
instantphotos-4t2zkh.apps.sagyboar.space,404,0,0,20,12,20,12,0,0,0,0,1,
get.js.org,404,0,0,20,12,20,12,0,0,0,0,1,
webextension.org,200,107,1,20,12,0,0,0,1,0,1,1,
ihcblog.com,404,0,0,20,12,20,12,0,0,0,0,1,
godoc.org,200,99,1,20,12,0,0,0,1,0,1,1,
getmoonshine.app,200,23,1,20,12,0,0,0,1,0,1,1,
whatgotdone.com,200,23,1,20,12,0,0,0,1,0,1,1,
itunes.apple.com,200,447,1,20,12,0,0,0,1,0,1,1,
vemos.org,404,0,0,20,12,20,12,0,0,0,0,1,
partow.net,200,335,1,20,12,0,0,0,1,0,1,1,
firebirdsql.org,200,23,1,20,12,0,0,0,1,0,1,1,
micropyramid.com,200,96,1,20,12,0,0,0,1,0,1,1,
placements.mnit.ac.in,404,0,0,20,12,20,12,0,0,0,0,1,
realm.io,200,108,1,20,12,0,0,0,1,0,1,1,
sourceforge.net,200,5837,1,20,12,0,0,0,1,0,1,1,
stackblitz.com,404,0,0,20,12,20,12,0,0,0,0,1,
hackage.haskell.org,,,,,,,,,,,,1,AbortError
